{
  "best_params": {
    "learning_rate": 0.02392281759578494,
    "num_leaves": 225,
    "min_child_samples": 38,
    "lambda_l1": 0.018717378059161197,
    "lambda_l2": 5.875892179661021e-05,
    "feature_fraction": 0.5583010176598153,
    "bagging_fraction": 0.7837703579282789,
    "bagging_freq": 6,
    "max_depth": 13
  },
  "best_score": 0.6343434053211735,
  "n_trials_completed": 40
}